Lucky Prime Numbers,Lucky Prime Numbers,Lucky Prime Numbers,Lucky Prime Numbers,Lucky Prime Numbers,Lucky Prime Numbers,Lucky Prime Numbers,Lucky Prime Numbers,Lucky Prime Numbers,Lucky Prime Numbers
84793889,84793997,84795869,84796589,84796787,84796967,84797759,84797777,84797939,84799667
84799739,84799991,84910589,84910697,84910949,84911993,84912587,84912749,84912857,84912929
84913379,84913469,84913739,84913847,84913919,84914279,84914369,84914387,84914729,84914783
84914891,84914909,84914927,84915179,84915269,84915377,84915737,84915791,84915881,84915917
84916367,84916439,84916493,84916583,84916691,84916709,84916817,84917267,84917753,84918149
84918167,84918329,84918347,84918473,84918671,84918761,84918833,84919049,84919067,84919139
84919157,84919193,84919319,84919463,84919517,84919643,84919823,84919931,84920887,84920977
84921769,84921787,84922597,84922687,84923299,84923767,84923929,84924199,84924379,84924649
84924667,84924883,84924919,84924991,84925189,84925549,84925747,84925909,84925927,84926089
84926197,84926287,84926377,84926629,84926683,84926719,84926773,84926953,84927079,84927187
84927673,84927763,84927943,84927961,84928069,84928087,84928609,84928717,84928951,84929077
84929167,84929239,84929347,84929473,84929617,84929653
